{
  "data": [
    {
      "route": [
        [
          35.68699953501152,
          51.30924224853516
        ],
        [
          35.6886726306882,
          51.558151245117195
        ]
      ],
      "id": 1
    }
  ]
}